timestamp_iso,frame_idx,mode,arm_state,distance_m,distance_src,odom_x_m,odom_y_m,odom_theta_rad,feedback_lin_mps,feedback_ang_rps,ball_odom_assist_active,bucket_odom_assist_active,odom_goal_update_count,odom_goal_color_reject_count,odom_goal_depth_invalid_count,odom_goal_error_count,odom_goal_hysteresis_hold_count,ball_odom_fallback_count,bucket_odom_fallback_count,odom_snapshot_count,target_ball_requested,carrying_ball_color,target_bucket_color,detection_count,detections,latest_msg
2026-03-26T20:38:21.129,1,detect,idle,0.000,geom,0.000,0.000,0.003,0.000,0.002,False,False,0,0,0,0,0,0,0,0,red ball,,,0,,"-0.00, 0.00, 0, 0, 0"
2026-03-26T20:38:21.151,2,detect,idle,0.000,geom,0.000,0.000,0.003,0.000,0.001,False,False,0,0,0,0,0,0,0,0,red ball,,,0,,"-0.00, 0.00, 0, 0, 0"
2026-03-26T20:38:21.176,3,detect,idle,0.000,geom,0.000,0.000,0.003,0.000,0.001,False,False,0,0,0,0,0,0,0,0,red ball,,,2,red ball:0.52;red bucket:0.94,"-0.00, 0.00, 0, 0, 0"
2026-03-26T20:38:21.198,4,detect,idle,0.000,geom,0.000,0.000,0.003,0.000,0.001,False,False,0,0,0,0,0,0,0,0,red ball,,,0,,"-0.00, 0.00, 0, 0, 0"
2026-03-26T20:38:21.229,5,detect,idle,0.000,geom,0.000,0.000,0.003,0.000,0.001,False,False,0,0,0,0,0,0,0,0,red ball,,,2,red ball:0.52;red bucket:0.94,"-0.00, 0.00, 0, 0, 0"
2026-03-26T20:38:21.265,6,detect,idle,0.000,geom,0.000,0.000,0.003,0.000,0.002,False,False,0,0,0,0,0,0,0,0,red ball,,,2,red ball:0.58;red bucket:0.94,"-0.00, 0.00, 0, 0, 0"
2026-03-26T20:38:21.300,7,detect,idle,1.404,depth,0.000,0.000,0.003,0.000,0.001,True,False,1,0,0,0,0,0,0,0,red ball,,,2,red ball:0.52;red bucket:0.94,"0.30, 0.12, 0, 0, 0"
2026-03-26T20:38:21.335,8,detect,idle,1.406,depth,0.000,0.000,0.003,0.000,0.001,True,False,1,0,0,0,1,0,0,0,red ball,,,2,red ball:0.54;red bucket:0.94,"0.30, 0.12, 0, 0, 0"
2026-03-26T20:38:21.365,9,detect,idle,1.406,depth,0.000,0.000,0.003,0.000,0.002,True,False,1,0,0,0,2,0,0,0,red ball,,,2,red ball:0.51;red bucket:0.94,"0.30, 0.12, 0, 0, 0"
2026-03-26T20:38:21.630,10,detect,idle,1.406,depth,0.000,0.000,0.003,0.000,0.001,True,False,1,0,0,0,3,0,0,0,red ball,,,2,red ball:0.53;red bucket:0.94,"0.30, 0.12, 0, 0, 0"
2026-03-26T20:38:21.665,11,detect,idle,1.406,depth,0.000,0.000,0.003,0.000,0.001,True,False,1,0,0,0,4,0,0,0,red ball,,,3,blue bucket:0.65;red ball:0.67;red bucket:0.94,"0.30, 0.12, 0, 0, 0"
2026-03-26T20:38:21.700,12,detect,idle,1.391,depth,0.000,0.000,0.003,0.000,0.002,True,False,1,0,0,0,5,0,0,0,red ball,,,3,blue bucket:0.62;red ball:0.69;red bucket:0.94,"0.30, 0.12, 0, 0, 0"
2026-03-26T20:38:21.732,13,detect,idle,1.337,depth,0.000,0.000,0.004,0.000,0.002,True,False,2,0,0,0,5,0,0,0,red ball,,,4,blue bucket:0.66;blue bucket:0.55;red ball:0.71;red bucket:0.94,"0.30, 0.13, 0, 0, 0"
2026-03-26T20:38:21.764,14,detect,idle,1.331,depth,0.000,0.000,0.004,0.000,0.002,True,False,2,0,0,0,6,0,0,0,red ball,,,4,blue bucket:0.70;blue bucket:0.54;red ball:0.73;red bucket:0.94,"0.30, 0.13, 0, 0, 0"
2026-03-26T20:38:21.798,15,detect,idle,1.319,depth,0.000,0.000,0.004,0.000,0.001,True,False,2,0,0,0,7,0,0,0,red ball,,,3,blue bucket:0.78;red ball:0.66;red bucket:0.94,"0.30, 0.13, 0, 0, 0"
2026-03-26T20:38:21.830,16,detect,idle,1.312,depth,0.000,0.000,0.004,0.000,0.001,True,False,2,0,0,0,8,0,0,0,red ball,,,3,blue bucket:0.87;red ball:0.69;red bucket:0.94,"0.30, 0.13, 0, 0, 0"
2026-03-26T20:38:21.864,17,detect,idle,1.303,depth,0.000,0.000,0.004,0.000,0.001,True,False,2,0,0,0,9,0,0,0,red ball,,,3,blue bucket:0.89;red ball:0.73;red bucket:0.94,"0.30, 0.13, 0, 0, 0"
2026-03-26T20:38:21.897,18,detect,idle,1.289,depth,0.000,0.000,0.004,0.000,0.002,True,False,2,0,0,0,10,0,0,0,red ball,,,3,blue bucket:0.89;red ball:0.72;red bucket:0.94,"0.30, 0.13, 0, 0, 0"
2026-03-26T20:38:21.931,19,detect,idle,1.277,depth,0.000,0.000,0.004,0.000,0.001,True,False,3,0,0,0,10,0,0,0,red ball,,,3,blue bucket:0.90;red ball:0.75;red bucket:0.94,"0.30, 0.14, 0, 0, 0"
2026-03-26T20:38:21.964,20,detect,idle,1.269,depth,0.000,0.000,0.004,0.000,0.001,True,False,3,0,0,0,11,0,0,0,red ball,,,3,blue bucket:0.89;red ball:0.82;red bucket:0.94,"0.30, 0.14, 0, 0, 0"
2026-03-26T20:38:21.997,21,detect,idle,1.257,depth,0.000,0.000,0.004,0.000,0.002,True,False,3,0,0,0,12,0,0,0,red ball,,,3,blue bucket:0.90;red ball:0.65;red bucket:0.94,"0.30, 0.14, 0, 0, 0"
2026-03-26T20:38:22.030,22,detect,idle,1.240,depth,0.000,0.000,0.004,0.000,0.001,True,False,3,0,0,0,13,0,0,0,red ball,,,3,blue bucket:0.90;red ball:0.63;red bucket:0.94,"0.30, 0.14, 0, 0, 0"
2026-03-26T20:38:22.065,23,detect,idle,1.231,depth,0.000,0.000,0.004,0.000,0.001,True,False,3,0,0,0,14,0,0,0,red ball,,,3,blue bucket:0.93;red ball:0.76;red bucket:0.94,"0.30, 0.14, 0, 0, 0"
2026-03-26T20:38:22.097,24,detect,idle,1.222,depth,0.000,0.000,0.004,0.000,0.001,True,False,3,0,0,0,15,0,0,0,red ball,,,3,blue bucket:0.93;red ball:0.74;red bucket:0.94,"0.30, 0.14, 0, 0, 0"
2026-03-26T20:38:22.130,25,detect,idle,1.207,depth,0.000,0.000,0.004,0.000,0.002,True,False,4,0,0,0,15,0,0,0,red ball,,,3,blue bucket:0.92;red ball:0.69;red bucket:0.94,"0.28, 0.13, 0, 0, 0"
2026-03-26T20:38:22.164,26,detect,idle,1.193,depth,0.000,0.000,0.004,0.000,0.001,True,False,4,0,0,0,16,0,0,0,red ball,,,3,blue bucket:0.93;red ball:0.74;red bucket:0.94,"0.28, 0.13, 0, 0, 0"
2026-03-26T20:38:22.200,27,detect,idle,1.184,depth,0.000,0.000,0.004,0.000,0.002,True,False,4,0,0,0,17,0,0,0,red ball,,,4,blue bucket:0.94;blue bucket:0.60;red ball:0.73;red bucket:0.94,"0.28, 0.13, 0, 0, 0"
2026-03-26T20:38:22.232,28,detect,idle,1.169,depth,0.000,0.000,0.004,0.000,0.001,True,False,4,0,0,0,18,0,0,0,red ball,,,4,blue bucket:0.94;blue bucket:0.73;red ball:0.78;red bucket:0.94,"0.28, 0.13, 0, 0, 0"
2026-03-26T20:38:22.270,29,detect,idle,1.156,depth,0.000,0.000,0.004,0.000,0.001,True,False,4,0,0,0,19,0,0,0,red ball,,,4,blue bucket:0.94;blue bucket:0.59;red ball:0.72;red bucket:0.94,"0.28, 0.13, 0, 0, 0"
2026-03-26T20:38:22.300,30,detect,idle,1.149,depth,0.000,0.000,0.004,0.000,0.002,True,False,5,0,0,0,19,0,0,0,red ball,,,4,blue bucket:0.93;blue bucket:0.74;red ball:0.72;red bucket:0.94,"0.25, 0.12, 0, 0, 0"
2026-03-26T20:38:22.333,31,detect,idle,1.134,depth,0.000,0.000,0.004,0.000,0.001,True,False,5,0,0,0,20,0,0,0,red ball,,,4,blue bucket:0.93;blue bucket:0.65;red ball:0.75;red bucket:0.94,"0.25, 0.12, 0, 0, 0"
2026-03-26T20:38:22.366,32,detect,idle,1.120,depth,0.000,0.000,0.004,0.000,0.002,True,False,5,0,0,0,21,0,0,0,red ball,,,4,blue bucket:0.92;blue bucket:0.73;red ball:0.67;red bucket:0.94,"0.25, 0.12, 0, 0, 0"
2026-03-26T20:38:22.400,33,detect,idle,1.115,depth,0.000,0.000,0.004,0.000,0.001,True,False,5,0,0,0,22,0,0,0,red ball,,,4,blue bucket:0.90;blue bucket:0.71;red ball:0.69;red bucket:0.94,"0.25, 0.12, 0, 0, 0"
2026-03-26T20:38:22.432,34,detect,idle,1.115,depth,0.000,0.000,0.004,0.000,0.001,False,False,5,0,0,0,22,0,0,0,red ball,,,0,,"-0.00, 0.00, 0, 0, 0"
2026-03-26T20:38:22.463,35,detect,idle,1.115,depth,0.000,0.000,0.004,0.000,0.002,False,False,5,0,0,0,22,0,0,0,red ball,,,3,blue bucket:0.91;red ball:0.63;red bucket:0.94,"-0.00, 0.00, 0, 0, 0"
2026-03-26T20:38:22.501,36,detect,idle,1.115,depth,0.000,0.000,0.005,0.000,0.001,False,False,5,0,0,0,22,0,0,0,red ball,,,3,blue bucket:0.88;red ball:0.64;red bucket:0.94,"-0.00, 0.00, 0, 0, 0"
2026-03-26T20:38:22.532,37,detect,idle,1.065,depth,0.000,0.000,0.005,0.000,0.002,True,False,6,0,0,0,22,0,0,0,red ball,,,4,blue bucket:0.89;blue bucket:0.75;red ball:0.70;red bucket:0.94,"0.21, 0.10, 0, 0, 0"
2026-03-26T20:38:22.565,38,detect,idle,1.060,depth,0.000,0.000,0.005,0.000,0.001,True,False,6,0,0,0,23,0,0,0,red ball,,,4,blue bucket:0.89;blue bucket:0.68;red ball:0.73;red bucket:0.94,"0.21, 0.10, 0, 0, 0"
2026-03-26T20:38:22.598,39,detect,idle,1.058,depth,0.000,0.000,0.005,0.000,0.002,True,False,6,0,0,0,24,0,0,0,red ball,,,4,blue bucket:0.88;blue bucket:0.75;red ball:0.72;red bucket:0.94,"0.21, 0.10, 0, 0, 0"
2026-03-26T20:38:22.632,40,detect,idle,1.062,depth,0.000,0.000,0.005,0.000,0.002,True,False,6,0,0,0,25,0,0,0,red ball,,,4,blue bucket:0.82;blue bucket:0.66;red ball:0.71;red bucket:0.94,"0.21, 0.10, 0, 0, 0"
2026-03-26T20:38:22.666,41,detect,idle,1.060,depth,0.000,0.000,0.005,0.000,0.002,True,False,6,0,0,0,26,0,0,0,red ball,,,4,blue bucket:0.80;blue bucket:0.61;red ball:0.72;red bucket:0.94,"0.21, 0.10, 0, 0, 0"
2026-03-26T20:38:22.698,42,detect,idle,1.054,depth,0.000,0.000,0.005,0.000,0.001,True,False,6,0,0,0,27,0,0,0,red ball,,,4,blue bucket:0.73;blue bucket:0.71;red ball:0.74;red bucket:0.94,"0.21, 0.10, 0, 0, 0"
2026-03-26T20:38:22.731,43,detect,idle,1.049,depth,0.000,0.000,0.005,0.000,0.002,True,False,6,0,0,0,28,0,0,0,red ball,,,4,blue bucket:0.70;blue bucket:0.68;red ball:0.71;red bucket:0.94,"0.21, 0.10, 0, 0, 0"
2026-03-26T20:38:22.765,44,detect,idle,1.036,depth,0.000,0.000,0.005,0.000,0.001,True,False,6,0,0,0,29,0,0,0,red ball,,,4,blue bucket:0.76;blue bucket:0.53;red ball:0.71;red bucket:0.94,"0.21, 0.10, 0, 0, 0"
2026-03-26T20:38:22.798,45,detect,idle,1.028,depth,0.000,0.000,0.005,0.000,0.001,True,False,6,0,0,0,30,0,0,0,red ball,,,5,blue bucket:0.78;blue bucket:0.78;blue bucket:0.57;red ball:0.69;red bucket:0.94,"0.21, 0.10, 0, 0, 0"
2026-03-26T20:38:22.831,46,detect,idle,1.021,depth,0.000,0.000,0.005,0.000,0.001,True,False,6,0,0,0,31,0,0,0,red ball,,,4,blue bucket:0.81;blue bucket:0.56;red ball:0.63;red bucket:0.94,"0.21, 0.10, 0, 0, 0"
2026-03-26T20:38:22.864,47,detect,idle,1.006,depth,0.000,0.000,0.005,0.004,0.000,True,False,7,0,0,0,31,0,0,0,red ball,,,4,blue bucket:0.84;blue bucket:0.78;red ball:0.70;red bucket:0.94,"0.18, 0.07, 0, 0, 0"
2026-03-26T20:38:22.898,48,detect,idle,0.999,depth,0.001,0.000,0.005,0.019,0.001,True,False,7,0,0,0,32,0,0,0,red ball,,,4,blue bucket:0.70;blue bucket:0.55;red ball:0.63;red bucket:0.94,"0.18, 0.07, 0, 0, 0"
2026-03-26T20:38:22.931,49,detect,idle,0.988,depth,0.002,0.000,0.005,0.046,0.005,True,False,7,0,0,0,33,0,0,0,red ball,,,5,blue bucket:0.83;blue bucket:0.79;blue bucket:0.62;red ball:0.72;red bucket:0.94,"0.18, 0.07, 0, 0, 0"
2026-03-26T20:38:22.964,50,detect,idle,0.976,depth,0.004,0.000,0.006,0.054,0.023,True,False,7,0,0,0,34,0,0,0,red ball,,,4,blue bucket:0.82;blue bucket:0.78;red ball:0.73;red bucket:0.94,"0.18, 0.07, 0, 0, 0"
2026-03-26T20:38:22.998,51,detect,idle,0.970,depth,0.006,0.000,0.006,0.065,-0.002,True,False,7,0,0,0,35,0,0,0,red ball,,,4,blue bucket:0.84;blue bucket:0.71;red ball:0.70;red bucket:0.94,"0.18, 0.07, 0, 0, 0"
2026-03-26T20:38:23.031,52,detect,idle,0.958,depth,0.007,0.000,0.006,0.065,-0.008,True,False,7,0,0,0,36,0,0,0,red ball,,,4,blue bucket:0.73;blue bucket:0.72;red ball:0.73;red bucket:0.94,"0.18, 0.07, 0, 0, 0"
2026-03-26T20:38:23.064,53,detect,idle,0.949,depth,0.011,0.000,0.005,0.081,-0.009,True,False,7,0,0,0,37,0,0,0,red ball,,,4,blue bucket:0.70;blue bucket:0.58;red ball:0.64;red bucket:0.94,"0.18, 0.07, 0, 0, 0"
2026-03-26T20:38:23.098,54,detect,idle,0.944,depth,0.015,0.000,0.005,0.108,-0.008,True,False,7,0,0,0,38,0,0,0,red ball,,,4,blue bucket:0.71;blue bucket:0.60;red ball:0.92;red bucket:0.94,"0.18, 0.07, 0, 0, 0"
2026-03-26T20:38:23.131,55,detect,idle,0.932,depth,0.018,0.000,0.005,0.127,-0.002,True,False,8,0,0,0,38,0,0,0,red ball,,,3,blue bucket:0.80;red ball:0.94;red bucket:0.94,"0.15, 0.04, 0, 0, 0"
2026-03-26T20:38:23.164,56,detect,idle,0.924,depth,0.024,0.000,0.004,0.158,-0.014,True,False,8,0,0,0,39,0,0,0,red ball,,,3,blue bucket:0.73;red ball:0.94;red bucket:0.94,"0.14, 0.04, 0, 0, 0"
2026-03-26T20:38:23.198,57,detect,idle,0.919,depth,0.027,0.000,0.004,0.162,0.001,True,False,8,0,0,0,40,0,0,0,red ball,,,3,blue bucket:0.76;red ball:0.94;red bucket:0.94,"0.14, 0.04, 0, 0, 0"
2026-03-26T20:38:23.231,58,detect,idle,0.912,depth,0.035,0.000,0.004,0.169,-0.014,True,False,8,0,0,0,41,0,0,0,red ball,,,4,blue bucket:0.62;blue bucket:0.54;red ball:0.94;red bucket:0.94,"0.14, 0.04, 0, 0, 0"
2026-03-26T20:38:23.267,59,detect,idle,0.903,depth,0.041,0.000,0.004,0.289,-0.021,True,False,8,0,0,0,42,0,0,0,red ball,,,2,red ball:0.94;red bucket:0.94,"0.13, 0.04, 0, 0, 0"
2026-03-26T20:38:23.299,60,detect,idle,0.898,depth,0.050,0.000,0.004,0.223,-0.009,True,False,8,0,0,0,43,0,0,0,red ball,,,2,red ball:0.94;red bucket:0.94,"0.13, 0.04, 0, 0, 0"
2026-03-26T20:38:23.333,61,detect,idle,0.892,depth,0.060,0.000,0.003,0.250,-0.018,True,False,8,0,0,0,44,0,0,0,red ball,,,3,blue bucket:0.56;red ball:0.94;red bucket:0.94,"0.12, 0.04, 0, 0, 0"
2026-03-26T20:38:23.364,62,detect,idle,0.887,depth,0.064,0.000,0.002,0.181,-0.018,True,False,8,0,0,0,45,0,0,0,red ball,,,3,blue bucket:0.66;red ball:0.94;red bucket:0.94,"0.12, 0.04, 0, 0, 0"
2026-03-26T20:38:23.398,63,detect,idle,0.881,depth,0.075,0.000,0.003,0.273,0.034,True,False,8,0,0,0,46,0,0,0,red ball,,,3,blue bucket:0.79;red ball:0.93;red bucket:0.94,"0.12, 0.04, 0, 0, 0"
2026-03-26T20:38:23.431,64,detect,idle,0.879,depth,0.079,0.000,0.004,0.185,0.019,True,False,8,0,0,0,47,0,0,0,red ball,,,3,blue bucket:0.80;red ball:0.94;red bucket:0.94,"0.12, 0.05, 0, 0, 0"
2026-03-26T20:38:23.465,65,detect,idle,0.874,depth,0.092,0.000,0.006,0.285,0.040,True,False,8,0,0,0,48,0,0,0,red ball,,,3,blue bucket:0.79;red ball:0.94;red bucket:0.94,"0.11, 0.05, 0, 0, 0"
2026-03-26T20:38:23.501,66,detect,idle,0.868,depth,0.097,0.000,0.007,0.246,0.055,True,False,8,0,0,0,49,0,0,0,red ball,,,3,blue bucket:0.79;red ball:0.94;red bucket:0.94,"0.11, 0.05, 0, 0, 0"
2026-03-26T20:38:23.537,67,detect,idle,0.863,depth,0.108,0.000,0.010,0.308,0.056,True,False,8,0,0,0,50,0,0,0,red ball,,,3,blue bucket:0.69;red ball:0.94;red bucket:0.94,"0.10, 0.05, 0, 0, 0"
2026-03-26T20:38:23.567,68,detect,idle,0.860,depth,0.113,0.001,0.011,0.235,0.073,True,False,8,0,0,0,51,0,0,0,red ball,,,3,blue bucket:0.81;red ball:0.94;red bucket:0.94,"0.10, 0.05, 0, 0, 0"
2026-03-26T20:38:23.600,69,detect,idle,0.858,depth,0.125,0.001,0.015,0.308,0.088,True,False,8,0,0,0,52,0,0,0,red ball,,,3,blue bucket:0.79;red ball:0.94;red bucket:0.94,"0.09, 0.05, 0, 0, 0"
2026-03-26T20:38:23.634,70,detect,idle,0.854,depth,0.133,0.001,0.018,0.315,0.113,True,False,8,0,0,0,53,0,0,0,red ball,,,3,blue bucket:0.77;red ball:0.94;red bucket:0.94,"0.09, 0.05, 0, 0, 0"
2026-03-26T20:38:23.667,71,detect,idle,0.849,depth,0.146,0.001,0.023,0.354,0.114,True,False,8,0,0,0,54,0,0,0,red ball,,,3,blue bucket:0.77;red ball:0.94;red bucket:0.94,"0.08, 0.05, 0, 0, 0"
2026-03-26T20:38:23.701,72,detect,idle,0.845,depth,0.159,0.001,0.027,0.285,0.112,True,False,9,0,0,0,54,0,0,0,red ball,,,3,blue bucket:0.81;red ball:0.94;red bucket:0.94,"0.10, -0.03, 0, 0, 0"
2026-03-26T20:38:23.733,73,detect,idle,0.843,depth,0.167,0.002,0.030,0.362,0.121,True,False,9,0,0,0,55,0,0,0,red ball,,,3,blue bucket:0.82;red ball:0.94;red bucket:0.94,"0.10, -0.03, 0, 0, 0"
2026-03-26T20:38:23.766,74,detect,idle,0.839,depth,0.181,0.002,0.036,0.285,0.149,True,False,9,0,0,0,56,0,0,0,red ball,,,3,blue bucket:0.82;red ball:0.94;red bucket:0.94,"0.09, -0.04, 0, 0, 0"
2026-03-26T20:38:23.800,75,detect,idle,0.837,depth,0.187,0.002,0.039,0.296,0.138,True,False,9,0,0,0,57,0,0,0,red ball,,,3,blue bucket:0.86;red ball:0.94;red bucket:0.94,"0.09, -0.04, 0, 0, 0"
2026-03-26T20:38:23.834,76,detect,idle,0.833,depth,0.202,0.003,0.045,0.304,0.150,True,False,9,0,0,0,58,0,0,0,red ball,,,4,blue bucket:0.85;blue bucket:0.70;red ball:0.94;red bucket:0.94,"0.08, -0.05, 0, 0, 0"
2026-03-26T20:38:23.866,77,detect,idle,0.828,depth,0.209,0.003,0.049,0.323,0.155,True,False,9,0,0,0,59,0,0,0,red ball,,,3,blue bucket:0.87;red ball:0.94;red bucket:0.94,"0.08, -0.05, 0, 0, 0"
2026-03-26T20:38:23.899,78,detect,idle,0.825,depth,0.224,0.004,0.056,0.304,0.157,True,False,9,0,0,0,60,0,0,0,red ball,,,3,blue bucket:0.82;red ball:0.94;red bucket:0.94,"0.07, -0.06, 0, 0, 0"
2026-03-26T20:38:23.932,79,detect,idle,0.822,depth,0.229,0.004,0.059,0.281,0.146,True,False,9,0,0,0,61,0,0,0,red ball,,,3,blue bucket:0.85;red ball:0.94;red bucket:0.94,"0.07, -0.06, 0, 0, 0"
2026-03-26T20:38:23.965,80,detect,idle,0.821,depth,0.244,0.005,0.066,0.308,0.159,True,False,10,0,0,0,61,0,0,0,red ball,,,3,blue bucket:0.89;red ball:0.94;red bucket:0.94,"0.09, -0.05, 0, 0, 0"
2026-03-26T20:38:23.998,81,detect,idle,0.819,depth,0.250,0.005,0.070,0.262,0.169,True,False,10,0,0,0,62,0,0,0,red ball,,,4,blue bucket:0.88;blue bucket:0.53;red ball:0.94;red bucket:0.94,"0.09, -0.05, 0, 0, 0"
2026-03-26T20:38:24.032,82,detect,idle,0.816,depth,0.265,0.007,0.078,0.350,0.187,True,False,10,0,0,0,63,0,0,0,red ball,,,3,blue bucket:0.89;red ball:0.94;red bucket:0.94,"0.08, -0.06, 0, 0, 0"
2026-03-26T20:38:24.066,83,detect,idle,0.811,depth,0.270,0.007,0.082,0.242,0.194,True,False,10,0,0,0,64,0,0,0,red ball,,,4,blue bucket:0.90;blue bucket:0.55;red ball:0.94;red bucket:0.94,"0.08, -0.07, 0, 0, 0"
2026-03-26T20:38:24.099,84,detect,idle,0.810,depth,0.286,0.008,0.090,0.339,0.185,True,False,10,0,0,0,65,0,0,0,red ball,,,4,blue bucket:0.93;blue bucket:0.68;red ball:0.94;red bucket:0.94,"0.07, -0.08, 0, 0, 0"
2026-03-26T20:38:24.132,85,detect,idle,0.807,depth,0.294,0.009,0.094,0.292,0.158,True,False,10,0,0,0,66,0,0,0,red ball,,,5,blue bucket:0.92;blue bucket:0.90;blue bucket:0.69;red ball:0.94;red bucket:0.94,"0.07, -0.08, 0, 0, 0"
2026-03-26T20:38:24.166,86,detect,idle,0.804,depth,0.306,0.010,0.101,0.323,0.161,True,False,10,0,0,0,67,0,0,0,red ball,,,5,blue bucket:0.93;blue bucket:0.92;blue bucket:0.70;red ball:0.94;red bucket:0.94,"0.06, -0.10, 0, 0, 0"
2026-03-26T20:38:24.199,87,detect,idle,0.802,depth,0.312,0.011,0.104,0.300,0.175,True,False,10,0,0,0,68,0,0,0,red ball,,,4,blue bucket:0.94;blue bucket:0.73;red ball:0.94;red bucket:0.94,"0.06, -0.10, 0, 0, 0"
2026-03-26T20:38:24.234,88,detect,idle,0.799,depth,0.323,0.012,0.111,0.277,0.165,True,False,10,0,0,0,69,0,0,0,red ball,,,4,blue bucket:0.94;blue bucket:0.71;red ball:0.94;red bucket:0.94,"0.05, -0.12, 0, 0, 0"
2026-03-26T20:38:24.266,89,detect,idle,0.794,depth,0.334,0.013,0.119,0.196,0.187,True,False,11,0,0,0,69,0,0,0,red ball,,,4,blue bucket:0.94;blue bucket:0.75;red ball:0.94;red bucket:0.94,"0.08, -0.04, 0, 0, 0"
2026-03-26T20:38:24.300,90,detect,idle,0.792,depth,0.337,0.014,0.123,0.119,0.194,True,False,11,0,0,0,70,0,0,0,red ball,,,4,blue bucket:0.93;blue bucket:0.75;red ball:0.94;red bucket:0.94,"0.08, -0.04, 0, 0, 0"
2026-03-26T20:38:24.334,91,detect,idle,0.789,depth,0.340,0.014,0.130,0.073,0.158,True,False,11,0,0,0,71,0,0,0,red ball,,,4,blue bucket:0.94;blue bucket:0.77;red ball:0.94;red bucket:0.94,"0.07, -0.04, 0, 0, 0"
2026-03-26T20:38:24.369,92,detect,idle,0.787,depth,0.342,0.014,0.134,0.069,0.174,True,False,11,0,0,0,72,0,0,0,red ball,,,4,blue bucket:0.94;blue bucket:0.77;red ball:0.94;red bucket:0.94,"0.07, -0.05, 0, 0, 0"
2026-03-26T20:38:24.403,93,detect,idle,0.786,depth,0.348,0.015,0.139,0.212,0.087,True,False,11,0,0,0,73,0,0,0,red ball,,,5,blue bucket:0.94;blue bucket:0.78;blue bucket:0.60;red ball:0.94;red bucket:0.94,"0.07, -0.05, 0, 0, 0"
2026-03-26T20:38:24.438,94,detect,idle,0.785,depth,0.358,0.016,0.141,0.246,0.061,True,False,11,0,0,0,74,0,0,0,red ball,,,4,blue bucket:0.94;blue bucket:0.77;red ball:0.94;red bucket:0.94,"0.07, -0.05, 0, 0, 0"
2026-03-26T20:38:24.469,95,detect,idle,0.782,depth,0.363,0.017,0.142,0.239,0.036,True,False,11,0,0,0,75,0,0,0,red ball,,,4,blue bucket:0.94;blue bucket:0.78;red ball:0.94;red bucket:0.94,"0.06, -0.06, 0, 0, 0"
2026-03-26T20:38:24.502,96,detect,idle,0.781,depth,0.367,0.018,0.143,0.196,0.022,True,False,11,0,0,0,76,0,0,0,red ball,,,4,blue bucket:0.94;blue bucket:0.78;red ball:0.94;red bucket:0.94,"0.06, -0.06, 0, 0, 0"
2026-03-26T20:38:24.535,97,detect,idle,0.779,depth,0.377,0.019,0.145,0.223,0.048,True,False,11,0,0,0,77,0,0,0,red ball,,,4,blue bucket:0.94;blue bucket:0.80;red ball:0.94;red bucket:0.94,"0.06, -0.07, 0, 0, 0"
2026-03-26T20:38:24.568,98,detect,idle,0.774,depth,0.383,0.020,0.146,0.208,0.064,True,False,11,0,0,0,78,0,0,0,red ball,,,4,blue bucket:0.92;blue bucket:0.80;red ball:0.94;red bucket:0.94,"0.05, -0.07, 0, 0, 0"
2026-03-26T20:38:24.601,99,detect,idle,0.773,depth,0.394,0.022,0.151,0.246,0.114,True,False,11,0,0,0,79,0,0,0,red ball,,,4,blue bucket:0.90;blue bucket:0.71;red ball:0.94;red bucket:0.94,"0.05, -0.08, 0, 0, 0"
2026-03-26T20:38:24.634,100,detect,idle,0.772,depth,0.398,0.022,0.154,0.192,0.119,True,False,11,0,0,0,80,0,0,0,red ball,,,6,blue bucket:0.90;blue bucket:0.65;blue bucket:0.52;green bucket:0.51;red ball:0.94;red bucket:0.94,"0.04, -0.09, 0, 0, 0"
2026-03-26T20:38:24.669,101,detect,idle,0.770,depth,0.409,0.024,0.159,0.281,0.100,True,False,11,0,0,0,81,0,0,0,red ball,,,5,blue bucket:0.90;blue bucket:0.65;blue bucket:0.56;red ball:0.94;red bucket:0.94,"0.04, -0.10, 0, 0, 0"
2026-03-26T20:38:24.700,102,detect,idle,0.769,depth,0.414,0.025,0.161,0.204,0.124,True,False,12,0,0,0,81,0,0,0,red ball,,,4,blue bucket:0.91;blue bucket:0.66;red ball:0.94;red bucket:0.94,"0.06, 0.05, 0, 0, 0"
2026-03-26T20:38:24.733,103,detect,idle,0.765,depth,0.419,0.026,0.165,0.219,0.140,True,False,12,0,0,0,82,0,0,0,red ball,,,4,blue bucket:0.93;blue bucket:0.71;red ball:0.94;red bucket:0.94,"0.06, 0.05, 0, 0, 0"
2026-03-26T20:38:24.768,104,detect,idle,0.763,depth,0.428,0.027,0.170,0.150,0.138,True,False,12,0,0,0,83,0,0,0,red ball,,,4,blue bucket:0.94;blue bucket:0.80;red ball:0.94;red bucket:0.94,"0.06, 0.05, 0, 0, 0"
2026-03-26T20:38:24.802,105,detect,idle,0.760,depth,0.441,0.029,0.177,0.377,0.178,True,False,12,0,0,0,84,0,0,0,red ball,,,4,blue bucket:0.94;blue bucket:0.79;red ball:0.94;red bucket:0.94,"0.05, 0.05, 0, 0, 0"
2026-03-26T20:38:24.833,106,detect,idle,0.758,depth,0.446,0.030,0.180,0.289,0.136,True,False,12,0,0,0,85,0,0,0,red ball,,,4,blue bucket:0.94;blue bucket:0.79;red ball:0.94;red bucket:0.94,"0.05, 0.06, 0, 0, 0"
2026-03-26T20:38:24.867,107,detect,idle,0.757,depth,0.458,0.032,0.186,0.269,0.135,True,False,12,0,0,0,86,0,0,0,red ball,,,4,blue bucket:0.94;blue bucket:0.79;red ball:0.94;red bucket:0.94,"0.04, 0.06, 0, 0, 0"
2026-03-26T20:38:24.900,108,detect,idle,0.756,depth,0.464,0.034,0.189,0.285,0.140,True,False,12,0,0,0,87,0,0,0,red ball,,,4,blue bucket:0.94;blue bucket:0.78;red ball:0.94;red bucket:0.94,"0.04, 0.06, 0, 0, 0"
2026-03-26T20:38:24.933,109,detect,idle,0.755,depth,0.474,0.035,0.195,0.212,0.141,True,False,12,0,0,0,88,0,0,0,red ball,,,4,blue bucket:0.94;blue bucket:0.80;red ball:0.94;red bucket:0.94,"0.03, 0.07, 0, 0, 0"
2026-03-26T20:38:24.966,110,detect,idle,0.754,depth,0.479,0.036,0.198,0.254,0.145,True,False,12,0,0,0,89,0,0,0,red ball,,,4,blue bucket:0.94;blue bucket:0.80;red ball:0.94;red bucket:0.94,"0.03, 0.07, 0, 0, 0"
2026-03-26T20:38:25.002,111,detect,idle,0.752,depth,0.488,0.038,0.204,0.188,0.135,True,False,12,0,0,0,90,0,0,0,red ball,,,4,blue bucket:0.94;blue bucket:0.80;red ball:0.94;red bucket:0.94,"0.03, 0.08, 0, 0, 0"
2026-03-26T20:38:25.034,112,detect,idle,0.749,depth,0.493,0.039,0.207,0.246,0.118,True,False,13,0,0,0,90,0,0,0,red ball,,,4,blue bucket:0.94;blue bucket:0.79;red ball:0.94;red bucket:0.94,"0.05, 0.09, 0, 0, 0"
2026-03-26T20:38:25.067,113,detect,idle,0.745,depth,0.502,0.041,0.211,0.204,0.126,True,False,13,0,0,0,91,0,0,0,red ball,,,4,blue bucket:0.94;blue bucket:0.78;red ball:0.94;red bucket:0.94,"0.05, 0.10, 0, 0, 0"
2026-03-26T20:38:25.101,114,detect,idle,0.743,depth,0.508,0.042,0.214,0.227,0.110,True,False,13,0,0,0,92,0,0,0,red ball,,,4,blue bucket:0.94;blue bucket:0.76;red ball:0.94;red bucket:0.94,"0.05, 0.10, 0, 0, 0"
2026-03-26T20:38:25.135,115,detect,idle,0.743,depth,0.517,0.045,0.220,0.212,0.117,True,False,13,0,0,0,93,0,0,0,red ball,,,4,blue bucket:0.94;blue bucket:0.79;red ball:0.94;red bucket:0.94,"0.04, 0.11, 0, 0, 0"
2026-03-26T20:38:25.167,116,detect,idle,0.740,depth,0.522,0.046,0.222,0.219,0.120,True,False,13,0,0,0,94,0,0,0,red ball,,,4,blue bucket:0.94;blue bucket:0.79;red ball:0.94;red bucket:0.94,"0.04, 0.12, 0, 0, 0"
2026-03-26T20:38:25.200,117,detect,idle,0.739,depth,0.531,0.048,0.227,0.188,0.117,True,False,13,0,0,0,95,0,0,0,red ball,,,4,blue bucket:0.94;blue bucket:0.76;red ball:0.94;red bucket:0.94,"0.04, 0.13, 0, 0, 0"
2026-03-26T20:38:25.233,118,detect,idle,0.738,depth,0.533,0.048,0.229,0.142,0.098,True,False,13,0,0,0,96,0,0,0,red ball,,,4,blue bucket:0.94;blue bucket:0.79;red ball:0.94;red bucket:0.94,"0.03, 0.13, 0, 0, 0"
2026-03-26T20:38:25.272,119,detect,idle,0.737,depth,0.541,0.050,0.233,0.177,0.079,True,False,13,0,0,0,97,0,0,0,red ball,,,4,blue bucket:0.93;blue bucket:0.73;red ball:0.94;red bucket:0.94,"0.03, 0.15, 0, 0, 0"
2026-03-26T20:38:25.301,120,detect,idle,0.735,depth,0.544,0.051,0.235,0.169,0.084,True,False,13,0,0,0,98,0,0,0,red ball,,,4,blue bucket:0.93;blue bucket:0.75;red ball:0.94;red bucket:0.94,"0.03, 0.15, 0, 0, 0"
2026-03-26T20:38:25.334,121,detect,idle,0.732,depth,0.551,0.052,0.238,0.162,0.058,True,False,13,0,0,0,99,0,0,0,red ball,,,4,blue bucket:0.92;blue bucket:0.71;red ball:0.94;red bucket:0.94,"0.03, 0.17, 0, 0, 0"
2026-03-26T20:38:25.367,122,detect,idle,0.730,depth,0.557,0.054,0.240,0.158,0.050,False,False,13,0,0,0,100,1,0,0,red ball,,,6,blue bucket:0.92;blue bucket:0.74;blue bucket:0.60;green bucket:0.56;red ball:0.94;red bucket:0.94,"0.10, 0.00, 0, 0, 0"
2026-03-26T20:38:25.400,123,detect,idle,0.728,depth,0.560,0.055,0.241,0.150,0.032,True,False,14,0,0,0,100,1,0,0,red ball,,,5,blue bucket:0.89;blue bucket:0.65;green bucket:0.66;red ball:0.94;red bucket:0.94,"0.04, 0.02, 0, 0, 0"
2026-03-26T20:38:25.434,124,detect,idle,0.728,depth,0.567,0.056,0.242,0.146,0.031,True,False,14,0,0,0,101,1,0,0,red ball,,,4,blue bucket:0.93;blue bucket:0.68;red ball:0.93;red bucket:0.94,"0.04, 0.02, 0, 0, 0"
2026-03-26T20:38:25.469,125,detect,idle,0.726,depth,0.570,0.057,0.243,0.138,0.063,True,False,14,0,0,0,102,1,0,0,red ball,,,4,blue bucket:0.91;blue bucket:0.64;red ball:0.93;red bucket:0.94,"0.04, 0.02, 0, 0, 0"
2026-03-26T20:38:25.504,126,detect,idle,0.726,depth,0.576,0.059,0.245,0.138,0.030,True,False,14,0,0,0,103,1,0,0,red ball,,,4,blue bucket:0.93;blue bucket:0.61;red ball:0.94;red bucket:0.94,"0.04, 0.02, 0, 0, 0"
2026-03-26T20:38:25.536,127,detect,idle,0.725,depth,0.579,0.059,0.246,0.127,0.037,True,False,14,0,0,0,104,1,0,0,red ball,,,4,blue bucket:0.94;blue bucket:0.55;red ball:0.94;red bucket:0.94,"0.03, 0.02, 0, 0, 0"
2026-03-26T20:38:25.569,128,detect,idle,0.725,depth,0.585,0.061,0.249,0.127,0.076,False,False,14,0,0,0,104,1,0,0,red ball,,,0,,"-0.00, 0.00, 0, 0, 0"
2026-03-26T20:38:25.601,129,detect,idle,0.725,depth,0.587,0.061,0.251,0.123,0.061,False,False,14,0,0,0,104,1,0,0,red ball,,,5,blue bucket:0.94;blue bucket:0.64;blue bucket:0.56;red ball:0.94;red bucket:0.94,"-0.00, 0.00, 0, 0, 0"
2026-03-26T20:38:25.636,130,detect,idle,0.725,depth,0.592,0.063,0.253,0.123,0.047,False,False,14,0,0,0,104,1,0,0,red ball,,,5,blue bucket:0.94;blue bucket:0.64;blue bucket:0.51;red ball:0.94;red bucket:0.94,"-0.00, 0.00, 0, 0, 0"
2026-03-26T20:38:25.672,131,detect,idle,0.716,depth,0.595,0.063,0.254,0.123,0.064,True,False,15,0,0,0,104,1,0,0,red ball,,,5,blue bucket:0.94;blue bucket:0.66;blue bucket:0.56;red ball:0.94;red bucket:0.94,"0.04, -0.13, 0, 0, 0"
2026-03-26T20:38:25.704,132,detect,idle,0.714,depth,0.600,0.065,0.256,0.115,0.047,True,False,15,0,0,0,105,1,0,0,red ball,,,5,blue bucket:0.94;blue bucket:0.63;blue bucket:0.55;red ball:0.94;red bucket:0.94,"0.04, -0.14, 0, 0, 0"
2026-03-26T20:38:25.736,133,detect,idle,0.713,depth,0.602,0.065,0.257,0.115,0.034,True,False,15,0,0,0,106,1,0,0,red ball,,,5,blue bucket:0.94;blue bucket:0.67;blue bucket:0.62;red ball:0.94;red bucket:0.94,"0.03, -0.14, 0, 0, 0"
2026-03-26T20:38:25.772,134,detect,idle,0.713,depth,0.607,0.067,0.259,0.112,0.042,True,False,15,0,0,0,107,1,0,0,red ball,,,5,blue bucket:0.94;blue bucket:0.72;blue bucket:0.58;red ball:0.94;red bucket:0.94,"0.03, -0.15, 0, 0, 0"
2026-03-26T20:38:25.805,135,detect,idle,0.713,depth,0.611,0.068,0.260,0.108,0.018,True,False,15,0,0,0,108,1,0,0,red ball,,,5,blue bucket:0.94;blue bucket:0.65;blue bucket:0.53;red ball:0.94;red bucket:0.94,"0.03, -0.16, 0, 0, 0"
2026-03-26T20:38:25.836,136,detect,idle,0.713,depth,0.613,0.068,0.260,0.104,0.021,True,False,15,0,0,0,109,1,0,0,red ball,,,5,blue bucket:0.94;blue bucket:0.64;blue bucket:0.58;red ball:0.94;red bucket:0.94,"0.03, -0.17, 0, 0, 0"
2026-03-26T20:38:25.869,137,detect,idle,0.711,depth,0.618,0.069,0.262,0.100,0.040,True,False,15,0,0,0,110,1,0,0,red ball,,,5,blue bucket:0.94;blue bucket:0.64;blue bucket:0.55;red ball:0.94;red bucket:0.94,"0.03, -0.18, 0, 0, 0"
2026-03-26T20:38:25.903,138,detect,idle,0.711,depth,0.620,0.070,0.263,0.100,0.036,True,False,15,0,0,0,111,1,0,0,red ball,,,5,blue bucket:0.94;blue bucket:0.63;blue bucket:0.55;red ball:0.94;red bucket:0.94,"0.03, -0.19, 0, 0, 0"
2026-03-26T20:38:25.936,139,detect,idle,0.709,depth,0.623,0.071,0.263,0.092,0.015,True,False,15,0,0,0,112,1,0,0,red ball,,,5,blue bucket:0.94;blue bucket:0.67;blue bucket:0.56;red ball:0.94;red bucket:0.94,"0.02, -0.20, 0, 0, 0"
2026-03-26T20:38:25.970,140,detect,idle,0.707,depth,0.625,0.071,0.264,0.088,0.029,False,False,15,0,0,0,113,2,0,0,red ball,,,3,blue bucket:0.94;red ball:0.94;red bucket:0.94,"0.10, 0.00, 0, 0, 0"
2026-03-26T20:38:26.003,141,detect,idle,0.704,depth,0.629,0.072,0.266,0.088,0.040,True,False,16,0,0,0,113,2,0,0,red ball,,,4,blue bucket:0.94;blue bucket:0.64;red ball:0.94;red bucket:0.94,"0.03, -0.11, 0, 0, 0"
2026-03-26T20:38:26.036,142,detect,idle,0.704,depth,0.631,0.073,0.266,0.096,0.030,True,False,16,0,0,0,114,2,0,0,red ball,,,4,blue bucket:0.94;blue bucket:0.60;red ball:0.94;red bucket:0.94,"0.03, -0.11, 0, 0, 0"
2026-03-26T20:38:26.073,143,detect,idle,0.702,depth,0.635,0.074,0.267,0.088,0.008,True,False,16,0,0,0,115,2,0,0,red ball,,,5,blue bucket:0.94;blue bucket:0.61;blue bucket:0.55;red ball:0.94;red bucket:0.94,"0.03, -0.12, 0, 0, 0"
2026-03-26T20:38:26.102,144,detect,idle,0.700,depth,0.636,0.074,0.267,0.069,-0.005,True,False,16,0,0,0,116,2,0,0,red ball,,,6,blue bucket:0.94;blue bucket:0.74;blue bucket:0.70;green bucket:0.54;red ball:0.94;red bucket:0.94,"0.03, -0.12, 0, 0, 0"
2026-03-26T20:38:26.135,145,detect,idle,0.700,depth,0.640,0.075,0.267,0.088,0.002,True,False,16,0,0,0,117,2,0,0,red ball,,,5,blue bucket:0.94;blue bucket:0.80;green bucket:0.66;red ball:0.93;red bucket:0.94,"0.03, -0.13, 0, 0, 0"
2026-03-26T20:38:26.168,146,detect,idle,0.698,depth,0.642,0.076,0.267,0.088,0.010,True,False,16,0,0,0,118,2,0,0,red ball,,,6,blue bucket:0.93;blue bucket:0.72;blue bucket:0.66;green bucket:0.60;red ball:0.93;red bucket:0.94,"0.03, -0.13, 0, 0, 0"
2026-03-26T20:38:26.203,147,detect,idle,0.696,depth,0.646,0.077,0.267,0.088,-0.018,False,False,16,0,0,0,119,3,0,0,red ball,,,4,blue bucket:0.94;blue bucket:0.73;red ball:0.94;red bucket:0.94,"0.10, 0.00, 0, 0, 0"
2026-03-26T20:38:26.236,148,detect,idle,0.695,depth,0.648,0.078,0.266,0.088,-0.023,True,False,17,0,0,0,119,3,0,0,red ball,,,4,blue bucket:0.93;blue bucket:0.73;red ball:0.94;red bucket:0.94,"0.03, 0.06, 0, 0, 0"
2026-03-26T20:38:26.270,149,detect,idle,0.691,depth,0.651,0.079,0.265,0.081,-0.026,True,False,17,0,0,0,120,3,0,0,red ball,,,4,blue bucket:0.94;blue bucket:0.75;red ball:0.94;red bucket:0.94,"0.03, 0.06, 0, 0, 0"
2026-03-26T20:38:26.302,150,detect,idle,0.690,depth,0.653,0.079,0.264,0.077,-0.020,False,False,17,0,0,0,121,4,0,0,red ball,,,4,blue bucket:0.94;blue bucket:0.75;red ball:0.94;red bucket:0.94,"0.10, 0.00, 0, 0, 0"
2026-03-26T20:38:26.335,151,detect,idle,0.688,depth,0.656,0.080,0.264,0.085,-0.016,False,False,18,0,0,0,121,5,0,0,red ball,,,4,blue bucket:0.94;blue bucket:0.74;red ball:0.94;red bucket:0.94,"0.10, 0.00, 0, 0, 0"
2026-03-26T20:38:26.368,152,detect,idle,0.687,depth,0.658,0.080,0.263,0.085,-0.026,False,False,19,0,0,0,121,6,0,0,red ball,,,4,blue bucket:0.94;blue bucket:0.66;red ball:0.94;red bucket:0.94,"0.10, 0.00, 0, 0, 0"
2026-03-26T20:38:26.402,153,detect,idle,0.686,depth,0.662,0.081,0.262,0.085,-0.033,False,False,20,0,0,0,121,7,0,0,red ball,,,4,blue bucket:0.94;blue bucket:0.67;red ball:0.94;red bucket:0.94,"0.10, 0.00, 0, 0, 0"
2026-03-26T20:38:26.436,154,detect,idle,0.684,depth,0.663,0.082,0.261,0.085,-0.032,False,False,21,0,0,0,121,8,0,0,red ball,,,4,blue bucket:0.94;blue bucket:0.68;red ball:0.94;red bucket:0.94,"0.10, 0.00, 0, 0, 0"
2026-03-26T20:38:26.469,155,detect,idle,0.682,depth,0.667,0.083,0.259,0.081,-0.038,False,False,22,0,0,0,121,9,0,0,red ball,,,4,blue bucket:0.94;blue bucket:0.69;red ball:0.94;red bucket:0.94,"0.10, 0.00, 0, 0, 0"
2026-03-26T20:38:26.501,156,detect,idle,0.679,depth,0.668,0.083,0.259,0.077,-0.035,False,False,23,0,0,0,121,10,0,0,red ball,,,4,blue bucket:0.94;blue bucket:0.76;red ball:0.94;red bucket:0.94,"0.10, 0.00, 0, 0, 0"
2026-03-26T20:38:26.535,157,detect,idle,0.676,depth,0.672,0.084,0.257,0.077,-0.037,False,False,24,0,0,0,121,11,0,0,red ball,,,4,blue bucket:0.94;blue bucket:0.77;red ball:0.94;red bucket:0.94,"0.10, 0.00, 0, 0, 0"
2026-03-26T20:38:26.568,158,detect,idle,0.673,depth,0.673,0.084,0.256,0.077,-0.039,False,False,25,0,0,0,121,12,0,0,red ball,,,4,blue bucket:0.94;blue bucket:0.76;red ball:0.94;red bucket:0.94,"0.10, 0.00, 0, 0, 0"
2026-03-26T20:38:26.602,159,detect,idle,0.671,depth,0.676,0.085,0.255,0.073,-0.038,False,False,26,0,0,0,121,13,0,0,red ball,,,4,blue bucket:0.94;blue bucket:0.75;red ball:0.94;red bucket:0.94,"0.10, 0.00, 0, 0, 0"
2026-03-26T20:38:26.635,160,detect,idle,0.666,depth,0.679,0.086,0.252,0.073,-0.077,False,False,26,0,0,0,121,13,0,0,red ball,,,4,blue bucket:0.92;blue bucket:0.76;red ball:0.94;red bucket:0.94,"-0.00, 0.00, 0, 0, 0"
2026-03-26T20:38:26.668,161,detect,idle,0.662,depth,0.681,0.086,0.250,0.073,-0.088,False,False,26,0,0,0,121,13,0,0,red ball,,,4,blue bucket:0.87;blue bucket:0.79;red ball:0.94;red bucket:0.94,"-0.00, 0.00, 0, 0, 0"
2026-03-26T20:38:26.701,162,pick,lower,0.660,depth,0.684,0.087,0.246,0.077,-0.083,False,False,26,0,0,0,121,13,0,0,red ball,red,red,4,blue bucket:0.85;blue bucket:0.82;red ball:0.94;red bucket:0.94,"-0.00, 0.00, 0, 0, 0"
2026-03-26T20:38:26.735,163,pick,lower,0.660,depth,0.685,0.088,0.244,0.069,-0.097,False,False,26,0,0,0,121,13,0,0,red ball,red,red,3,blue bucket:0.87;red ball:0.94;red bucket:0.94,"-0.00, 0.00, 12000, 0, 0"
2026-03-26T20:38:26.768,164,pick,lower,0.660,depth,0.688,0.088,0.240,0.062,-0.104,False,False,26,0,0,0,121,13,0,0,red ball,red,red,4,blue bucket:0.88;blue bucket:0.52;red ball:0.94;red bucket:0.94,"-0.00, 0.00, 12000, 0, 0"
2026-03-26T20:38:26.801,165,pick,lower,0.660,depth,0.689,0.089,0.238,0.069,-0.106,False,False,26,0,0,0,121,13,0,0,red ball,red,red,3,blue bucket:0.87;red ball:0.94;red bucket:0.94,"-0.00, 0.00, 12000, 0, 0"
2026-03-26T20:38:26.835,166,pick,lower,0.660,depth,0.692,0.089,0.233,0.065,-0.130,False,False,26,0,0,0,121,13,0,0,red ball,red,red,3,blue bucket:0.88;red ball:0.94;red bucket:0.94,"-0.00, 0.00, 12000, 0, 0"
2026-03-26T20:38:26.868,167,pick,lower,0.660,depth,0.695,0.090,0.227,0.069,-0.118,False,False,26,0,0,0,121,13,0,0,red ball,red,red,4,blue bucket:0.86;blue bucket:0.52;red ball:0.94;red bucket:0.94,"-0.00, 0.00, 12000, 0, 0"
2026-03-26T20:38:26.901,168,pick,lower,0.660,depth,0.696,0.090,0.225,0.065,-0.118,False,False,26,0,0,0,121,13,0,0,red ball,red,red,3,blue bucket:0.86;red ball:0.94;red bucket:0.94,"-0.00, 0.00, 12000, 0, 0"
2026-03-26T20:38:26.935,169,pick,lower,0.660,depth,0.699,0.091,0.220,0.062,-0.094,False,False,26,0,0,0,121,13,0,0,red ball,red,red,3,blue bucket:0.89;red ball:0.94;red bucket:0.94,"-0.00, 0.00, 12000, 0, 0"
2026-03-26T20:38:26.968,170,pick,lower,0.660,depth,0.700,0.091,0.219,0.054,-0.085,False,False,26,0,0,0,121,13,0,0,red ball,red,red,3,blue bucket:0.90;red ball:0.94;red bucket:0.94,"-0.00, 0.00, 12000, 0, 0"
2026-03-26T20:38:27.002,171,pick,lower,0.660,depth,0.703,0.092,0.216,0.065,-0.060,False,False,26,0,0,0,121,13,0,0,red ball,red,red,3,blue bucket:0.85;red ball:0.94;red bucket:0.94,"-0.00, 0.00, 12000, 0, 0"
2026-03-26T20:38:27.035,172,pick,lower,0.660,depth,0.704,0.092,0.215,0.065,-0.052,False,False,26,0,0,0,121,13,0,0,red ball,red,red,3,blue bucket:0.85;red ball:0.94;red bucket:0.94,"-0.00, 0.00, 12000, 0, 0"
2026-03-26T20:38:27.068,173,pick,lower,0.660,depth,0.707,0.093,0.212,0.062,-0.057,False,False,26,0,0,0,121,13,0,0,red ball,red,red,5,blue bucket:0.77;blue bucket:0.63;green bucket:0.75;red ball:0.94;red bucket:0.94,"-0.00, 0.00, 12000, 0, 0"
2026-03-26T20:38:27.102,174,pick,lower,0.660,depth,0.708,0.093,0.211,0.062,-0.064,False,False,26,0,0,0,121,13,0,0,red ball,red,red,5,blue bucket:0.81;blue bucket:0.80;blue bucket:0.58;red ball:0.94;red bucket:0.94,"-0.00, 0.00, 12000, 0, 0"
2026-03-26T20:38:27.135,175,pick,lower,0.660,depth,0.711,0.093,0.208,0.062,-0.060,False,False,26,0,0,0,121,13,0,0,red ball,red,red,5,blue bucket:0.87;blue bucket:0.85;green bucket:0.79;red ball:0.88;red bucket:0.94,"-0.00, 0.00, 12000, 0, 0"
2026-03-26T20:38:27.168,176,pick,lower,0.660,depth,0.712,0.094,0.207,0.058,-0.057,False,False,26,0,0,0,121,13,0,0,red ball,red,red,4,blue bucket:0.86;blue bucket:0.78;red ball:0.90;red bucket:0.94,"-0.00, 0.00, 12000, 0, 0"
2026-03-26T20:38:27.202,177,pick,lower,0.660,depth,0.715,0.094,0.204,0.054,-0.065,False,False,26,0,0,0,121,13,0,0,red ball,red,red,5,blue bucket:0.80;blue bucket:0.74;green bucket:0.61;red ball:0.93;red bucket:0.94,"-0.00, 0.00, 12000, 0, 0"
2026-03-26T20:38:27.235,178,pick,lower,0.660,depth,0.716,0.094,0.203,0.054,-0.061,False,False,26,0,0,0,121,13,0,0,red ball,red,red,3,blue bucket:0.87;red ball:0.83;red bucket:0.94,"-0.00, 0.00, 12000, 0, 0"
2026-03-26T20:38:27.269,179,pick,lower,0.660,depth,0.718,0.095,0.200,0.054,-0.057,False,False,26,0,0,0,121,13,0,0,red ball,red,red,5,blue bucket:0.90;blue bucket:0.90;green bucket:0.77;red ball:0.92;red bucket:0.94,"-0.00, 0.00, 12000, 0, 0"
2026-03-26T20:38:27.302,180,pick,lower,0.660,depth,0.719,0.095,0.199,0.054,-0.048,False,False,26,0,0,0,121,13,0,0,red ball,red,red,6,blue bucket:0.89;blue bucket:0.63;blue bucket:0.62;green bucket:0.74;red ball:0.90;red bucket:0.94,"-0.00, 0.00, 12000, 0, 0"
2026-03-26T20:38:27.341,181,pick,lower,0.660,depth,0.722,0.096,0.198,0.050,-0.012,False,False,26,0,0,0,121,13,0,0,red ball,red,red,5,blue bucket:0.88;blue bucket:0.85;green bucket:0.56;red ball:0.90;red bucket:0.94,"-0.00, 0.00, 12000, 0, 0"
2026-03-26T20:38:27.375,182,pick,lower,0.660,depth,0.724,0.096,0.198,0.054,0.005,False,False,26,0,0,0,121,13,0,0,red ball,red,red,5,blue bucket:0.90;blue bucket:0.58;green bucket:0.78;red ball:0.94;red bucket:0.94,"-0.00, 0.00, 12000, 0, 0"
2026-03-26T20:38:27.408,183,pick,lower,0.660,depth,0.725,0.096,0.198,0.054,0.011,False,False,26,0,0,0,121,13,0,0,red ball,red,red,5,blue bucket:0.87;blue bucket:0.80;green bucket:0.72;red ball:0.92;red bucket:0.94,"-0.00, 0.00, 12000, 0, 0"
2026-03-26T20:38:27.436,184,pick,lower,0.660,depth,0.727,0.097,0.199,0.050,0.017,False,False,26,0,0,0,121,13,0,0,red ball,red,red,0,,"-0.00, 0.00, 12000, 0, 0"
2026-03-26T20:38:27.469,185,pick,lower,0.660,depth,0.728,0.097,0.199,0.046,0.019,False,False,26,0,0,0,121,13,0,0,red ball,red,red,5,blue bucket:0.83;blue bucket:0.65;green bucket:0.70;red ball:0.92;red bucket:0.94,"-0.00, 0.00, 12000, 0, 0"
2026-03-26T20:38:27.502,186,pick,lower,0.660,depth,0.730,0.097,0.200,0.042,0.018,False,False,26,0,0,0,121,13,0,0,red ball,red,red,4,blue bucket:0.79;blue bucket:0.78;red ball:0.91;red bucket:0.94,"-0.00, 0.00, 12000, 0, 0"
2026-03-26T20:38:27.536,187,pick,lower,0.660,depth,0.731,0.097,0.200,0.046,0.018,False,False,26,0,0,0,121,13,0,0,red ball,red,red,5,blue bucket:0.86;blue bucket:0.81;green bucket:0.62;red ball:0.94;red bucket:0.94,"-0.00, 0.00, 12000, 0, 0"
2026-03-26T20:38:27.570,188,pick,lower,0.660,depth,0.732,0.098,0.201,0.038,0.018,False,False,26,0,0,0,121,13,0,0,red ball,red,red,5,blue bucket:0.86;blue bucket:0.82;green bucket:0.65;red ball:0.93;red bucket:0.94,"-0.00, 0.00, 12000, 0, 0"
2026-03-26T20:38:27.602,189,pick,lower,0.660,depth,0.733,0.098,0.202,0.038,0.022,False,False,26,0,0,0,121,13,0,0,red ball,red,red,5,blue bucket:0.87;blue bucket:0.81;green bucket:0.62;red ball:0.94;red bucket:0.94,"-0.00, 0.00, 12000, 0, 0"
2026-03-26T20:38:27.636,190,pick,lower,0.660,depth,0.735,0.098,0.203,0.038,0.039,False,False,26,0,0,0,121,13,0,0,red ball,red,red,5,blue bucket:0.90;blue bucket:0.87;green bucket:0.65;red ball:0.93;red bucket:0.94,"-0.00, 0.00, 12000, 0, 0"
2026-03-26T20:38:27.669,191,pick,lower,0.660,depth,0.736,0.098,0.204,0.042,0.052,False,False,26,0,0,0,121,13,0,0,red ball,red,red,5,blue bucket:0.86;blue bucket:0.74;green bucket:0.74;red ball:0.92;red bucket:0.94,"-0.00, 0.00, 12000, 0, 0"
2026-03-26T20:38:27.703,192,pick,lower,0.660,depth,0.738,0.099,0.207,0.042,0.072,False,False,26,0,0,0,121,13,0,0,red ball,red,red,5,blue bucket:0.91;blue bucket:0.87;green bucket:0.69;red ball:0.94;red bucket:0.94,"-0.00, 0.00, 12000, 0, 0"
2026-03-26T20:38:27.736,193,pick,lower,0.660,depth,0.739,0.099,0.211,0.038,0.085,False,False,26,0,0,0,121,13,0,0,red ball,red,red,5,blue bucket:0.90;blue bucket:0.83;green bucket:0.69;red ball:0.94;red bucket:0.94,"-0.00, 0.00, 12000, 0, 0"
2026-03-26T20:38:27.769,194,pick,lower,0.660,depth,0.740,0.099,0.213,0.042,0.093,False,False,26,0,0,0,121,13,0,0,red ball,red,red,5,blue bucket:0.88;blue bucket:0.76;green bucket:0.72;red ball:0.93;red bucket:0.94,"-0.00, 0.00, 12000, 0, 0"
2026-03-26T20:38:27.803,195,pick,lower,0.660,depth,0.742,0.100,0.217,0.046,0.096,False,False,26,0,0,0,121,13,0,0,red ball,red,red,5,blue bucket:0.90;blue bucket:0.87;green bucket:0.64;red ball:0.92;red bucket:0.94,"-0.00, 0.00, 12000, 0, 0"
2026-03-26T20:38:27.836,196,pick,lower,0.660,depth,0.743,0.100,0.219,0.042,0.094,False,False,26,0,0,0,121,13,0,0,red ball,red,red,5,blue bucket:0.88;blue bucket:0.80;green bucket:0.69;red ball:0.94;red bucket:0.94,"-0.00, 0.00, 12000, 0, 0"
2026-03-26T20:38:27.869,197,pick,lower,0.660,depth,0.745,0.100,0.223,0.046,0.094,False,False,26,0,0,0,121,13,0,0,red ball,red,red,5,blue bucket:0.89;blue bucket:0.81;green bucket:0.66;red ball:0.92;red bucket:0.94,"-0.00, 0.00, 12000, 0, 0"
2026-03-26T20:38:27.903,198,pick,lower,0.660,depth,0.745,0.101,0.225,0.038,0.094,False,False,26,0,0,0,121,13,0,0,red ball,red,red,5,blue bucket:0.90;blue bucket:0.82;green bucket:0.68;red ball:0.94;red bucket:0.94,"-0.00, 0.00, 12000, 0, 0"
2026-03-26T20:38:27.936,199,pick,lower,0.660,depth,0.747,0.101,0.229,0.038,0.092,False,False,26,0,0,0,121,13,0,0,red ball,red,red,5,blue bucket:0.89;blue bucket:0.85;green bucket:0.78;red ball:0.92;red bucket:0.94,"-0.00, 0.00, 12000, 0, 0"
2026-03-26T20:38:27.969,200,pick,lower,0.660,depth,0.748,0.101,0.231,0.035,0.104,False,False,26,0,0,0,121,13,0,0,red ball,red,red,5,blue bucket:0.89;blue bucket:0.79;green bucket:0.59;red ball:0.94;red bucket:0.94,"-0.00, 0.00, 12000, 0, 0"
2026-03-26T20:38:28.003,201,pick,lower,0.660,depth,0.749,0.101,0.236,0.035,0.137,False,False,26,0,0,0,121,13,0,0,red ball,red,red,5,blue bucket:0.89;blue bucket:0.83;green bucket:0.62;red ball:0.92;red bucket:0.94,"-0.00, 0.00, 12000, 0, 0"
2026-03-26T20:38:28.036,202,pick,lower,0.660,depth,0.751,0.102,0.243,0.038,0.150,False,False,26,0,0,0,121,13,0,0,red ball,red,red,5,blue bucket:0.88;blue bucket:0.83;green bucket:0.66;red ball:0.93;red bucket:0.94,"-0.00, 0.00, 12000, 0, 0"
2026-03-26T20:38:28.070,203,pick,lower,0.660,depth,0.752,0.102,0.246,0.038,0.154,False,False,26,0,0,0,121,13,0,0,red ball,red,red,5,blue bucket:0.89;blue bucket:0.82;green bucket:0.71;red ball:0.93;red bucket:0.94,"-0.00, 0.00, 12000, 0, 0"
2026-03-26T20:38:28.103,204,pick,lower,0.660,depth,0.753,0.102,0.252,0.035,0.161,False,False,26,0,0,0,121,13,0,0,red ball,red,red,5,blue bucket:0.88;blue bucket:0.77;green bucket:0.73;red ball:0.93;red bucket:0.94,"-0.00, 0.00, 12000, 0, 0"
2026-03-26T20:38:28.136,205,pick,lower,0.660,depth,0.754,0.103,0.256,0.038,0.153,False,False,26,0,0,0,121,13,0,0,red ball,red,red,5,blue bucket:0.88;blue bucket:0.80;green bucket:0.65;red ball:0.92;red bucket:0.94,"-0.00, 0.00, 12000, 0, 0"
2026-03-26T20:38:28.170,206,pick,lower,0.660,depth,0.755,0.103,0.262,0.046,0.138,False,False,26,0,0,0,121,13,0,0,red ball,red,red,5,blue bucket:0.89;blue bucket:0.85;green bucket:0.73;red ball:0.92;red bucket:0.94,"-0.00, 0.00, 12000, 0, 0"
2026-03-26T20:38:28.203,207,pick,lower,0.660,depth,0.757,0.104,0.267,0.050,0.112,False,False,26,0,0,0,121,13,0,0,red ball,red,red,5,blue bucket:0.89;blue bucket:0.83;green bucket:0.75;red ball:0.92;red bucket:0.94,"-0.00, 0.00, 12000, 0, 0"
2026-03-26T20:38:28.236,208,pick,lower,0.660,depth,0.758,0.104,0.269,0.046,0.099,False,False,26,0,0,0,121,13,0,0,red ball,red,red,5,blue bucket:0.89;blue bucket:0.81;green bucket:0.69;red ball:0.91;red bucket:0.94,"-0.00, 0.00, 12000, 0, 0"
2026-03-26T20:38:28.270,209,pick,lower,0.660,depth,0.760,0.104,0.273,0.046,0.085,False,False,26,0,0,0,121,13,0,0,red ball,red,red,5,blue bucket:0.89;blue bucket:0.79;green bucket:0.76;red ball:0.92;red bucket:0.94,"-0.00, 0.00, 12000, 0, 0"
2026-03-26T20:38:28.303,210,pick,lower,0.660,depth,0.761,0.105,0.274,0.042,0.071,False,False,26,0,0,0,121,13,0,0,red ball,red,red,5,blue bucket:0.89;blue bucket:0.83;green bucket:0.73;red ball:0.91;red bucket:0.94,"-0.00, 0.00, 12000, 0, 0"
2026-03-26T20:38:28.337,211,pick,lower,0.660,depth,0.763,0.105,0.277,0.023,0.054,False,False,26,0,0,0,121,13,0,0,red ball,red,red,5,blue bucket:0.87;blue bucket:0.76;green bucket:0.63;red ball:0.92;red bucket:0.94,"-0.00, 0.00, 12000, 0, 0"
2026-03-26T20:38:28.370,212,pick,lower,0.660,depth,0.763,0.105,0.278,0.012,0.059,False,False,26,0,0,0,121,13,0,0,red ball,red,red,5,blue bucket:0.88;blue bucket:0.79;green bucket:0.70;red ball:0.92;red bucket:0.94,"-0.00, 0.00, 12000, 0, 0"
2026-03-26T20:38:28.403,213,pick,lower,0.660,depth,0.763,0.105,0.280,0.000,0.050,False,False,26,0,0,0,121,13,0,0,red ball,red,red,5,blue bucket:0.88;blue bucket:0.79;green bucket:0.67;red ball:0.91;red bucket:0.94,"-0.00, 0.00, 12000, 0, 0"
2026-03-26T20:38:28.437,214,pick,lower,0.660,depth,0.763,0.105,0.281,0.012,0.023,False,False,26,0,0,0,121,13,0,0,red ball,red,red,5,blue bucket:0.89;blue bucket:0.80;green bucket:0.76;red ball:0.91;red bucket:0.94,"-0.00, 0.00, 12000, 0, 0"
2026-03-26T20:38:28.470,215,pick,lower,0.660,depth,0.765,0.106,0.281,0.042,0.009,False,False,26,0,0,0,121,13,0,0,red ball,red,red,5,blue bucket:0.89;blue bucket:0.81;green bucket:0.76;red ball:0.94;red bucket:0.94,"-0.00, 0.00, 12000, 0, 0"
2026-03-26T20:38:28.503,216,pick,lower,0.660,depth,0.766,0.106,0.281,0.050,-0.004,False,False,26,0,0,0,121,13,0,0,red ball,red,red,5,blue bucket:0.89;blue bucket:0.82;green bucket:0.67;red ball:0.93;red bucket:0.94,"-0.00, 0.00, 12000, 0, 0"
2026-03-26T20:38:28.537,217,pick,lower,0.660,depth,0.767,0.106,0.281,0.050,-0.017,False,False,26,0,0,0,121,13,0,0,red ball,red,red,5,blue bucket:0.89;blue bucket:0.77;green bucket:0.76;red ball:0.90;red bucket:0.94,"-0.00, 0.00, 12000, 0, 0"
2026-03-26T20:38:28.570,218,pick,lower,0.660,depth,0.769,0.107,0.279,0.023,-0.040,False,False,26,0,0,0,121,13,0,0,red ball,red,red,5,blue bucket:0.89;blue bucket:0.80;green bucket:0.72;red ball:0.93;red bucket:0.94,"-0.00, 0.00, 12000, 0, 0"
2026-03-26T20:38:28.603,219,pick,lower,0.660,depth,0.769,0.107,0.278,0.023,-0.061,False,False,26,0,0,0,121,13,0,0,red ball,red,red,5,blue bucket:0.89;blue bucket:0.80;green bucket:0.73;red ball:0.94;red bucket:0.94,"-0.00, 0.00, 12000, 0, 0"
2026-03-26T20:38:28.637,220,pick,lower,0.660,depth,0.770,0.107,0.274,0.031,-0.091,False,False,26,0,0,0,121,13,0,0,red ball,red,red,5,blue bucket:0.89;blue bucket:0.83;green bucket:0.67;red ball:0.94;red bucket:0.94,"-0.00, 0.00, 12000, 0, 0"
2026-03-26T20:38:28.670,221,pick,lower,0.660,depth,0.771,0.107,0.272,0.035,-0.095,False,False,26,0,0,0,121,13,0,0,red ball,red,red,5,blue bucket:0.89;blue bucket:0.80;green bucket:0.72;red ball:0.94;red bucket:0.94,"-0.00, 0.00, 12000, 0, 0"
2026-03-26T20:38:28.704,222,pick,lower,0.660,depth,0.772,0.108,0.268,0.031,-0.119,False,False,26,0,0,0,121,13,0,0,red ball,red,red,5,blue bucket:0.89;blue bucket:0.83;green bucket:0.65;red ball:0.94;red bucket:0.94,"-0.00, 0.00, 12000, 0, 0"
2026-03-26T20:38:28.737,223,pick,lower,0.660,depth,0.774,0.108,0.262,0.035,-0.139,False,False,26,0,0,0,121,13,0,0,red ball,red,red,5,blue bucket:0.89;blue bucket:0.80;green bucket:0.68;red ball:0.94;red bucket:0.94,"-0.00, 0.00, 12000, 0, 0"
2026-03-26T20:38:28.774,224,pick,lower,0.660,depth,0.775,0.108,0.259,0.035,-0.139,False,False,26,0,0,0,121,13,0,0,red ball,red,red,5,blue bucket:0.88;blue bucket:0.79;green bucket:0.72;red ball:0.94;red bucket:0.94,"-0.00, 0.00, 12000, 0, 0"
2026-03-26T20:38:28.806,225,pick,lower,0.660,depth,0.776,0.109,0.253,0.035,-0.145,False,False,26,0,0,0,121,13,0,0,red ball,red,red,5,blue bucket:0.88;blue bucket:0.83;green bucket:0.74;red ball:0.94;red bucket:0.94,"-0.00, 0.00, 12000, 0, 0"
2026-03-26T20:38:28.838,226,pick,lower,0.660,depth,0.777,0.109,0.249,0.035,-0.153,False,False,26,0,0,0,121,13,0,0,red ball,red,red,5,blue bucket:0.87;blue bucket:0.77;green bucket:0.71;red ball:0.94;red bucket:0.94,"-0.00, 0.00, 12000, 0, 0"
2026-03-26T20:38:28.874,227,pick,lower,0.660,depth,0.779,0.109,0.242,0.054,-0.164,False,False,26,0,0,0,121,13,0,0,red ball,red,red,5,blue bucket:0.89;blue bucket:0.81;green bucket:0.66;red ball:0.94;red bucket:0.94,"-0.00, 0.00, 12000, 0, 0"
2026-03-26T20:38:28.904,228,pick,lower,0.660,depth,0.780,0.110,0.239,0.054,-0.157,False,False,26,0,0,0,121,13,0,0,red ball,red,red,5,blue bucket:0.88;blue bucket:0.81;green bucket:0.66;red ball:0.93;red bucket:0.94,"-0.00, 0.00, 12000, 0, 0"
2026-03-26T20:38:28.938,229,pick,lower,0.660,depth,0.782,0.110,0.233,0.046,-0.129,False,False,26,0,0,0,121,13,0,0,red ball,red,red,5,blue bucket:0.88;blue bucket:0.79;green bucket:0.70;red ball:0.94;red bucket:0.94,"-0.00, 0.00, 12000, 0, 0"
2026-03-26T20:38:28.971,230,pick,lower,0.660,depth,0.783,0.110,0.230,0.042,-0.126,False,False,26,0,0,0,121,13,0,0,red ball,red,red,5,blue bucket:0.89;blue bucket:0.82;green bucket:0.73;red ball:0.94;red bucket:0.94,"-0.00, 0.00, 12000, 0, 0"
2026-03-26T20:38:29.004,231,pick,lower,0.660,depth,0.785,0.111,0.225,0.042,-0.114,False,False,26,0,0,0,121,13,0,0,red ball,red,red,5,blue bucket:0.88;blue bucket:0.79;green bucket:0.65;red ball:0.94;red bucket:0.94,"-0.00, 0.00, 12000, 0, 0"
2026-03-26T20:38:29.038,232,pick,lower,0.660,depth,0.787,0.111,0.221,0.046,-0.110,False,False,26,0,0,0,121,13,0,0,red ball,red,red,5,blue bucket:0.89;blue bucket:0.77;green bucket:0.72;red ball:0.94;red bucket:0.94,"-0.00, 0.00, 12000, 0, 0"
2026-03-26T20:38:29.071,233,pick,lower,0.660,depth,0.788,0.112,0.219,0.046,-0.101,False,False,26,0,0,0,121,13,0,0,red ball,red,red,5,blue bucket:0.89;blue bucket:0.81;green bucket:0.70;red ball:0.94;red bucket:0.94,"-0.00, 0.00, 12000, 0, 0"
2026-03-26T20:38:29.104,234,pick,lower,0.660,depth,0.789,0.112,0.215,0.038,-0.089,False,False,26,0,0,0,121,13,0,0,red ball,red,red,5,blue bucket:0.89;blue bucket:0.78;green bucket:0.65;red ball:0.94;red bucket:0.94,"-0.00, 0.00, 12000, 0, 0"
2026-03-26T20:38:29.137,235,pick,lower,0.660,depth,0.790,0.112,0.213,0.042,-0.087,False,False,26,0,0,0,121,13,0,0,red ball,red,red,5,blue bucket:0.89;blue bucket:0.83;green bucket:0.73;red ball:0.94;red bucket:0.94,"-0.00, 0.00, 12000, 0, 0"
2026-03-26T20:38:29.171,236,pick,lower,0.660,depth,0.792,0.112,0.210,0.046,-0.076,False,False,26,0,0,0,121,13,0,0,red ball,red,red,5,blue bucket:0.89;blue bucket:0.85;green bucket:0.66;red ball:0.94;red bucket:0.94,"-0.00, 0.00, 12000, 0, 0"
2026-03-26T20:38:29.204,237,pick,lower,0.660,depth,0.793,0.113,0.208,0.046,-0.068,False,False,26,0,0,0,121,13,0,0,red ball,red,red,5,blue bucket:0.88;blue bucket:0.81;green bucket:0.69;red ball:0.94;red bucket:0.94,"-0.00, 0.00, 12000, 0, 0"
2026-03-26T20:38:29.238,238,pick,lower,0.660,depth,0.795,0.113,0.206,0.046,-0.047,False,False,26,0,0,0,121,13,0,0,red ball,red,red,5,blue bucket:0.89;blue bucket:0.75;green bucket:0.71;red ball:0.94;red bucket:0.94,"-0.00, 0.00, 12000, 0, 0"
2026-03-26T20:38:29.271,239,pick,lower,0.660,depth,0.797,0.114,0.204,0.054,-0.031,False,False,26,0,0,0,121,13,0,0,red ball,red,red,5,blue bucket:0.88;blue bucket:0.74;green bucket:0.73;red ball:0.94;red bucket:0.94,"-0.00, 0.00, 12000, 0, 0"
2026-03-26T20:38:29.304,240,pick,lower,0.660,depth,0.798,0.114,0.204,0.062,-0.031,False,False,26,0,0,0,121,13,0,0,red ball,red,red,5,blue bucket:0.89;blue bucket:0.80;green bucket:0.69;red ball:0.94;red bucket:0.94,"-0.00, 0.00, 12000, 0, 0"
2026-03-26T20:38:29.338,241,pick,lower,0.660,depth,0.800,0.114,0.202,0.050,-0.029,False,False,26,0,0,0,121,13,0,0,red ball,red,red,5,blue bucket:0.89;blue bucket:0.80;green bucket:0.68;red ball:0.93;red bucket:0.94,"-0.00, 0.00, 12000, 0, 0"
2026-03-26T20:38:29.371,242,pick,lower,0.660,depth,0.802,0.114,0.202,0.050,-0.028,False,False,26,0,0,0,121,13,0,0,red ball,red,red,5,blue bucket:0.88;blue bucket:0.74;green bucket:0.72;red ball:0.93;red bucket:0.94,"-0.00, 0.00, 12000, 0, 0"
2026-03-26T20:38:29.404,243,pick,lower,0.660,depth,0.804,0.115,0.201,0.073,-0.021,False,False,26,0,0,0,121,13,0,0,red ball,red,red,5,blue bucket:0.89;blue bucket:0.85;green bucket:0.76;red ball:0.94;red bucket:0.94,"-0.00, 0.00, 12000, 0, 0"
2026-03-26T20:38:29.438,244,pick,lower,0.660,depth,0.806,0.115,0.200,0.077,-0.023,False,False,26,0,0,0,121,13,0,0,red ball,red,red,5,blue bucket:0.88;blue bucket:0.77;green bucket:0.70;red ball:0.93;red bucket:0.94,"-0.00, 0.00, 12000, 0, 0"
2026-03-26T20:38:29.471,245,pick,lower,0.660,depth,0.809,0.116,0.200,0.088,0.003,False,False,26,0,0,0,121,13,0,0,red ball,red,red,5,blue bucket:0.88;blue bucket:0.79;green bucket:0.75;red ball:0.93;red bucket:0.94,"-0.00, 0.00, 12000, 0, 0"
2026-03-26T20:38:29.505,246,pick,lower,0.660,depth,0.813,0.117,0.200,0.100,-0.010,False,False,26,0,0,0,121,13,0,0,red ball,red,red,5,blue bucket:0.88;blue bucket:0.76;green bucket:0.65;red ball:0.93;red bucket:0.94,"-0.00, 0.00, 12000, 0, 0"
2026-03-26T20:38:29.538,247,pick,lower,0.660,depth,0.815,0.117,0.200,0.096,-0.009,False,False,26,0,0,0,121,13,0,0,red ball,red,red,5,blue bucket:0.88;blue bucket:0.83;green bucket:0.68;red ball:0.93;red bucket:0.94,"-0.00, 0.00, 12000, 0, 0"
2026-03-26T20:38:29.571,248,pick,lower,0.660,depth,0.820,0.118,0.200,0.096,-0.002,False,False,26,0,0,0,121,13,0,0,red ball,red,red,5,blue bucket:0.88;blue bucket:0.82;green bucket:0.66;red ball:0.93;red bucket:0.94,"-0.00, 0.00, 12000, 0, 0"
2026-03-26T20:38:29.606,249,pick,lower,0.660,depth,0.822,0.119,0.200,0.100,0.010,False,False,26,0,0,0,121,13,0,0,red ball,red,red,5,blue bucket:0.88;blue bucket:0.77;green bucket:0.71;red ball:0.94;red bucket:0.94,"-0.00, 0.00, 12000, 0, 0"
2026-03-26T20:38:29.638,250,pick,lower,0.660,depth,0.826,0.120,0.200,0.108,-0.011,False,False,26,0,0,0,121,13,0,0,red ball,red,red,5,blue bucket:0.89;blue bucket:0.79;green bucket:0.66;red ball:0.93;red bucket:0.94,"-0.00, 0.00, 12000, 0, 0"
2026-03-26T20:38:29.671,251,pick,lower,0.660,depth,0.829,0.120,0.200,0.108,-0.009,False,False,26,0,0,0,121,13,0,0,red ball,red,red,5,blue bucket:0.88;blue bucket:0.78;green bucket:0.73;red ball:0.94;red bucket:0.94,"-0.00, 0.00, 12000, 0, 0"
2026-03-26T20:38:29.705,252,pick,lower,0.660,depth,0.830,0.120,0.199,0.027,-0.001,False,False,26,0,0,0,121,13,0,0,red ball,red,red,5,blue bucket:0.86;blue bucket:0.74;green bucket:0.70;red ball:0.94;red bucket:0.94,"-0.00, 0.00, 12000, 0, 0"
2026-03-26T20:38:29.738,253,pick,lower,0.660,depth,0.831,0.120,0.200,0.015,0.020,False,False,26,0,0,0,121,13,0,0,red ball,red,red,5,blue bucket:0.88;blue bucket:0.78;green bucket:0.71;red ball:0.94;red bucket:0.94,"-0.00, 0.00, 12000, 0, 0"
2026-03-26T20:38:29.772,254,pick,lower,0.660,depth,0.831,0.120,0.200,0.015,-0.009,False,False,26,0,0,0,121,13,0,0,red ball,red,red,5,blue bucket:0.89;blue bucket:0.79;green bucket:0.75;red ball:0.93;red bucket:0.94,"-0.00, 0.00, 12000, 0, 0"
2026-03-26T20:38:29.805,255,pick,lower,0.660,depth,0.832,0.121,0.200,0.023,-0.008,False,False,26,0,0,0,121,13,0,0,red ball,red,red,5,blue bucket:0.89;blue bucket:0.80;green bucket:0.70;red ball:0.94;red bucket:0.94,"-0.00, 0.00, 12000, 0, 0"
2026-03-26T20:38:29.838,256,pick,lower,0.660,depth,0.832,0.121,0.200,0.008,0.003,False,False,26,0,0,0,121,13,0,0,red ball,red,red,5,blue bucket:0.89;blue bucket:0.81;green bucket:0.75;red ball:0.94;red bucket:0.94,"-0.00, 0.00, 12000, 0, 0"
2026-03-26T20:38:29.872,257,pick,lower,0.660,depth,0.833,0.121,0.199,0.000,-0.028,False,False,26,0,0,0,121,13,0,0,red ball,red,red,5,blue bucket:0.90;blue bucket:0.80;green bucket:0.72;red ball:0.94;red bucket:0.94,"-0.00, 0.00, 12000, 0, 0"
2026-03-26T20:38:29.905,258,pick,lower,0.660,depth,0.832,0.121,0.199,-0.004,-0.004,False,False,26,0,0,0,121,13,0,0,red ball,red,red,5,blue bucket:0.89;blue bucket:0.78;green bucket:0.69;red ball:0.94;red bucket:0.94,"-0.00, 0.00, 12000, 0, 0"
2026-03-26T20:38:29.939,259,pick,lower,0.660,depth,0.832,0.121,0.201,-0.004,0.064,False,False,26,0,0,0,121,13,0,0,red ball,red,red,5,blue bucket:0.89;blue bucket:0.80;green bucket:0.72;red ball:0.94;red bucket:0.94,"-0.00, 0.00, 12000, 0, 0"
2026-03-26T20:38:29.972,260,pick,lower,0.660,depth,0.832,0.121,0.202,0.000,0.061,False,False,26,0,0,0,121,13,0,0,red ball,red,red,5,blue bucket:0.88;blue bucket:0.79;green bucket:0.69;red ball:0.94;red bucket:0.94,"-0.00, 0.00, 12000, 0, 0"
2026-03-26T20:38:30.005,261,pick,lower,0.660,depth,0.832,0.121,0.203,-0.008,0.026,False,False,26,0,0,0,121,13,0,0,red ball,red,red,5,blue bucket:0.89;blue bucket:0.86;green bucket:0.70;red ball:0.94;red bucket:0.94,"-0.00, 0.00, 12000, 0, 0"
2026-03-26T20:38:30.038,262,pick,lower,0.660,depth,0.832,0.121,0.204,-0.004,0.040,False,False,26,0,0,0,121,13,0,0,red ball,red,red,5,blue bucket:0.89;blue bucket:0.83;green bucket:0.70;red ball:0.94;red bucket:0.94,"-0.00, 0.00, 12000, 0, 0"
2026-03-26T20:38:30.072,263,pick,lower,0.660,depth,0.832,0.121,0.205,0.000,0.019,False,False,26,0,0,0,121,13,0,0,red ball,red,red,5,blue bucket:0.88;blue bucket:0.78;green bucket:0.69;red ball:0.94;red bucket:0.94,"-0.00, 0.00, 12000, 0, 0"
2026-03-26T20:38:30.105,264,pick,lower,0.660,depth,0.832,0.121,0.206,0.000,0.016,False,False,26,0,0,0,121,13,0,0,red ball,red,red,5,blue bucket:0.89;blue bucket:0.87;green bucket:0.72;red ball:0.94;red bucket:0.94,"-0.00, 0.00, 12000, 0, 0"
2026-03-26T20:38:30.139,265,pick,lower,0.660,depth,0.832,0.121,0.206,0.000,-0.004,False,False,26,0,0,0,121,13,0,0,red ball,red,red,5,blue bucket:0.89;blue bucket:0.82;green bucket:0.75;red ball:0.94;red bucket:0.94,"-0.00, 0.00, 12000, 0, 0"
2026-03-26T20:38:30.172,266,pick,lower,0.660,depth,0.832,0.121,0.206,0.008,-0.014,False,False,26,0,0,0,121,13,0,0,red ball,red,red,5,blue bucket:0.89;blue bucket:0.82;green bucket:0.77;red ball:0.93;red bucket:0.94,"-0.00, 0.00, 12000, 0, 0"
2026-03-26T20:38:30.205,267,pick,lower,0.660,depth,0.832,0.121,0.204,0.008,-0.028,False,False,26,0,0,0,121,13,0,0,red ball,red,red,5,blue bucket:0.89;blue bucket:0.80;green bucket:0.73;red ball:0.94;red bucket:0.94,"-0.00, 0.00, 12000, 0, 0"
2026-03-26T20:38:30.239,268,pick,lower,0.660,depth,0.833,0.121,0.203,0.004,-0.017,False,False,26,0,0,0,121,13,0,0,red ball,red,red,5,blue bucket:0.89;blue bucket:0.76;green bucket:0.67;red ball:0.94;red bucket:0.94,"-0.00, 0.00, 12000, 0, 0"
2026-03-26T20:38:30.272,269,pick,lower,0.660,depth,0.833,0.121,0.203,0.004,-0.029,False,False,26,0,0,0,121,13,0,0,red ball,red,red,5,blue bucket:0.87;blue bucket:0.80;green bucket:0.74;red ball:0.94;red bucket:0.94,"-0.00, 0.00, 12000, 0, 0"
2026-03-26T20:38:30.306,270,pick,lower,0.660,depth,0.833,0.121,0.204,0.000,-0.004,False,False,26,0,0,0,121,13,0,0,red ball,red,red,5,blue bucket:0.88;blue bucket:0.83;green bucket:0.67;red ball:0.94;red bucket:0.94,"-0.00, 0.00, 12000, 0, 0"
2026-03-26T20:38:30.339,271,pick,lower,0.660,depth,0.833,0.121,0.204,-0.004,0.018,False,False,26,0,0,0,121,13,0,0,red ball,red,red,5,blue bucket:0.89;blue bucket:0.80;green bucket:0.70;red ball:0.94;red bucket:0.94,"-0.00, 0.00, 12000, 0, 0"
2026-03-26T20:38:30.372,272,pick,lower,0.660,depth,0.833,0.121,0.201,0.000,-0.087,False,False,26,0,0,0,121,13,0,0,red ball,red,red,5,blue bucket:0.89;blue bucket:0.83;green bucket:0.66;red ball:0.93;red bucket:0.94,"-0.00, 0.00, 12000, 0, 0"
2026-03-26T20:38:30.406,273,pick,lower,0.660,depth,0.833,0.121,0.200,0.000,-0.045,False,False,26,0,0,0,121,13,0,0,red ball,red,red,5,blue bucket:0.89;blue bucket:0.83;green bucket:0.69;red ball:0.94;red bucket:0.94,"-0.00, 0.00, 12000, 0, 0"
2026-03-26T20:38:30.439,274,pick,lower,0.660,depth,0.833,0.121,0.201,0.000,0.067,False,False,26,0,0,0,121,13,0,0,red ball,red,red,5,blue bucket:0.89;blue bucket:0.78;green bucket:0.69;red ball:0.93;red bucket:0.94,"-0.00, 0.00, 12000, 0, 0"
2026-03-26T20:38:30.472,275,pick,lower,0.660,depth,0.833,0.121,0.201,0.000,-0.018,False,False,26,0,0,0,121,13,0,0,red ball,red,red,5,blue bucket:0.89;blue bucket:0.80;green bucket:0.72;red ball:0.93;red bucket:0.94,"-0.00, 0.00, 12000, 0, 0"
2026-03-26T20:38:30.506,276,pick,lower,0.660,depth,0.833,0.121,0.200,0.000,-0.066,False,False,26,0,0,0,121,13,0,0,red ball,red,red,5,blue bucket:0.87;blue bucket:0.76;green bucket:0.72;red ball:0.94;red bucket:0.94,"-0.00, 0.00, 12000, 0, 0"
2026-03-26T20:38:30.539,277,pick,lower,0.660,depth,0.833,0.121,0.198,0.000,-0.018,False,False,26,0,0,0,121,13,0,0,red ball,red,red,5,blue bucket:0.89;blue bucket:0.82;green bucket:0.76;red ball:0.94;red bucket:0.94,"-0.00, 0.00, 12000, 0, 0"
2026-03-26T20:38:30.572,278,pick,lower,0.660,depth,0.833,0.121,0.198,0.000,0.011,False,False,26,0,0,0,121,13,0,0,red ball,red,red,5,blue bucket:0.89;blue bucket:0.80;green bucket:0.69;red ball:0.94;red bucket:0.94,"-0.00, 0.00, 12000, 0, 0"
2026-03-26T20:38:30.606,279,pick,lower,0.660,depth,0.833,0.121,0.197,0.000,-0.026,False,False,26,0,0,0,121,13,0,0,red ball,red,red,5,blue bucket:0.85;blue bucket:0.81;green bucket:0.75;red ball:0.93;red bucket:0.94,"-0.00, 0.00, 12000, 0, 0"
2026-03-26T20:38:30.639,280,pick,lower,0.660,depth,0.833,0.121,0.196,0.000,-0.049,False,False,26,0,0,0,121,13,0,0,red ball,red,red,5,blue bucket:0.89;blue bucket:0.82;green bucket:0.66;red ball:0.93;red bucket:0.94,"-0.00, 0.00, 12000, 0, 0"
2026-03-26T20:38:30.673,281,pick,lower,0.660,depth,0.833,0.121,0.194,0.000,-0.028,False,False,26,0,0,0,121,13,0,0,red ball,red,red,5,blue bucket:0.89;blue bucket:0.83;green bucket:0.72;red ball:0.93;red bucket:0.94,"-0.00, 0.00, 12000, 0, 0"
2026-03-26T20:38:30.706,282,pick,lower,0.660,depth,0.833,0.121,0.194,0.000,-0.008,False,False,26,0,0,0,121,13,0,0,red ball,red,red,5,blue bucket:0.88;blue bucket:0.80;green bucket:0.68;red ball:0.93;red bucket:0.94,"-0.00, 0.00, 12000, 0, 0"
2026-03-26T20:38:30.739,283,pick,lower,0.660,depth,0.833,0.121,0.194,0.000,0.004,False,False,26,0,0,0,121,13,0,0,red ball,red,red,5,blue bucket:0.89;blue bucket:0.77;green bucket:0.64;red ball:0.93;red bucket:0.94,"-0.00, 0.00, 12000, 0, 0"
2026-03-26T20:38:30.773,284,pick,lower,0.660,depth,0.833,0.121,0.194,0.000,-0.002,False,False,26,0,0,0,121,13,0,0,red ball,red,red,5,blue bucket:0.89;blue bucket:0.84;green bucket:0.65;red ball:0.94;red bucket:0.94,"-0.00, 0.00, 12000, 0, 0"
2026-03-26T20:38:30.806,285,pick,lower,0.660,depth,0.833,0.121,0.194,0.000,0.003,False,False,26,0,0,0,121,13,0,0,red ball,red,red,5,blue bucket:0.89;blue bucket:0.79;green bucket:0.69;red ball:0.93;red bucket:0.94,"-0.00, 0.00, 12000, 0, 0"
2026-03-26T20:38:30.839,286,pick,lower,0.660,depth,0.833,0.121,0.194,0.000,0.013,False,False,26,0,0,0,121,13,0,0,red ball,red,red,5,blue bucket:0.89;blue bucket:0.80;green bucket:0.72;red ball:0.91;red bucket:0.94,"-0.00, 0.00, 12000, 0, 0"
2026-03-26T20:38:30.873,287,pick,lower,0.660,depth,0.833,0.121,0.195,0.000,0.008,False,False,26,0,0,0,121,13,0,0,red ball,red,red,5,blue bucket:0.89;blue bucket:0.77;green bucket:0.77;red ball:0.93;red bucket:0.94,"-0.00, 0.00, 12000, 0, 0"
2026-03-26T20:38:30.906,288,pick,lower,0.660,depth,0.833,0.121,0.194,0.000,-0.007,False,False,26,0,0,0,121,13,0,0,red ball,red,red,5,blue bucket:0.89;blue bucket:0.78;green bucket:0.67;red ball:0.94;red bucket:0.94,"-0.00, 0.00, 12000, 0, 0"
2026-03-26T20:38:30.940,289,pick,lower,0.660,depth,0.833,0.121,0.194,0.000,-0.001,False,False,26,0,0,0,121,13,0,0,red ball,red,red,5,blue bucket:0.89;blue bucket:0.78;green bucket:0.70;red ball:0.94;red bucket:0.94,"-0.00, 0.00, 12000, 0, 0"
2026-03-26T20:38:30.973,290,pick,lower,0.660,depth,0.833,0.121,0.194,0.000,0.004,False,False,26,0,0,0,121,13,0,0,red ball,red,red,5,blue bucket:0.87;blue bucket:0.80;green bucket:0.64;red ball:0.93;red bucket:0.94,"-0.00, 0.00, 12000, 0, 0"
2026-03-26T20:38:31.006,291,pick,lower,0.660,depth,0.833,0.121,0.195,0.000,0.006,False,False,26,0,0,0,121,13,0,0,red ball,red,red,5,blue bucket:0.90;blue bucket:0.82;green bucket:0.61;red ball:0.93;red bucket:0.94,"-0.00, 0.00, 12000, 0, 0"
2026-03-26T20:38:31.040,292,pick,lower,0.660,depth,0.833,0.121,0.195,0.000,0.001,False,False,26,0,0,0,121,13,0,0,red ball,red,red,5,blue bucket:0.87;blue bucket:0.77;green bucket:0.72;red ball:0.94;red bucket:0.94,"-0.00, 0.00, 12000, 0, 0"
2026-03-26T20:38:31.073,293,pick,lower,0.660,depth,0.833,0.121,0.195,0.000,0.004,False,False,26,0,0,0,121,13,0,0,red ball,red,red,5,blue bucket:0.87;blue bucket:0.81;green bucket:0.71;red ball:0.93;red bucket:0.94,"-0.00, 0.00, 12000, 0, 0"
